computed_date,price_label,volume_label,cell
2026-07-05,warming_up,rising,"pending — price:warming_up, volume:rising"
2026-07-06,warming_up,rising,"pending — price:warming_up, volume:rising"
2026-07-07,warming_up,rising,"pending — price:warming_up, volume:rising"
2026-07-08,warming_up,rising,"pending — price:warming_up, volume:rising"
2026-07-09,warming_up,rising,"pending — price:warming_up, volume:rising"
2026-07-10,warming_up,rising,"pending — price:warming_up, volume:rising"
2026-07-11,warming_up,rising,"pending — price:warming_up, volume:rising"
2026-07-12,warming_up,rising,"pending — price:warming_up, volume:rising"
2026-07-13,warming_up,rising,"pending — price:warming_up, volume:rising"
2026-07-14,warming_up,rising,"pending — price:warming_up, volume:rising"
2026-07-15,warming_up,rising,"pending — price:warming_up, volume:rising"
2026-07-16,warming_up,rising,"pending — price:warming_up, volume:rising"
2026-07-17,warming_up,rising,"pending — price:warming_up, volume:rising"
2026-07-18,warming_up,rising,"pending — price:warming_up, volume:rising"
2026-07-19,warming_up,rising,"pending — price:warming_up, volume:rising"
2026-07-20,warming_up,rising,"pending — price:warming_up, volume:rising"
2026-07-21,warming_up,rising,"pending — price:warming_up, volume:rising"
